JANコード,
3045386381531
3045386382118
3045386382125
4210201212768
4210201366546
4210201367420
4210201393337
4210201393979
4210201394037
4210201412984
4210201413042
4210201425908
4210201440536
4210201443254
4210201443278
4210201443339
4210201443353
4210201443377
4210201443391
4210201443490
4510772240123
4512223691270
4512223691287
4512223691294
4512223691300
4512223695186
4512223695193
4521329322698
4521329346229
4521329365824
4521329368009
4521329373126
4521329394756
4534530136718
4537694306850
4537694315999
4537694326964
4537694326971
4537694326988
4537694341066
4540790034039
4540790213939
4540790232435
4540790249631
4540790252235
4540790314230
4540790319235
4540790332135
4540790332333
4540790333736
4540790333934
4540790335136
4540790368233
4540790368431
4540790393433
4545350052690
4545350052904
4545350053871
4546821920890
4546821921965
4546821923785
4546821923860
4547410173772
4547410173789
4547410173789
4547410269307
4547410310412
4547410369137
4547410370003
4547410377224
4547410377231
4547410413250
4547410413298
4547410423419
4547410423433
4547410427875
4547410427936
4547410428032
4547410428056
4547410431025
4547410431032
4547410431049
4547410431063
4547410440348
4547410440379
4547410441512
4547410441529
4547410441529
4547410441536
4547410442625
4547410442632
4547410443172
4547410449341
4547410457629
4547410457636
4547410462562
4547410469172
4547410469226
4547410471038
4547410476361
4547410476408
4547410476446
4547410485837
4547410485950
4547410486421
4547410486438
4547410486742
4547410486759
4547410489118
4547410489125
4547410489132
4547410489156
4547410505580
4547410511178
4547410520088
4547410520125
4547410528282
4547410529494
4547410529845
4547410529975
4547410533613
4547410533644
4547410533811
4547410533842
4547410538304
4547410543360
4547410554236
4547410554267
4547410554281
4547410555158
4547410555172
4547410555189
4547410555844
4547597916667
4547597950692
4547597974797
4548736012547
4548736012554
4548736012561
4548736060425
4548736074033
4548736079410
4548736079427
4548736087613
4548736102057
4548736103696
4548736103795
4548736103818
4548736103825
4548736109520
4548736112100
4548736112155
4548736118584
4548736119024
4548736121133
4548736121188
4548736122130
4548736122147
4548736122154
4548736122161
4548736122185
4548736122192
4548736122222
4548736122314
4548736122406
4548736122499
4548736122574
4548736122796
4548736129696
4548736132528
4548736132566
4548736132573
4548736133358
4548736133402
4548736135208
4548736142411
4548736142954
4548736143005
4548736143470
4548736143531
4548736144866
4548736145818
4548736146075
4548736146082
4548736146099
4548736146112
4548736147812
4548736153769
4548736153813
4548736155619
4548736155664
4548736156425
4548736156470
4548736156524
4548736156838
4548736158320
4548736158375
4548736161634
4548736162525
4548736162532
4548736163560
4548736163614
4548848882168
4548848882175
4549046132345
4549046132352
4549046132420
4549046132437
4549046133076
4549046133083
4549046133090
4549046134028
4549046134035
4549046134707
4549046134714
4549046134950
4549046134950
4549046134967
4549046134981
4549046135353
4549046135360
4549046135377
4549046135636
4549046135643
4549046135650
4549046137135
4549046137142
4549046137159
4549046137555
4549046137562
4549046137852
4549046137869
4549046137951
4549046137968
4549046137975
4549046139023
4549046139030
4549046139047
4549046139054
4549046139399
4549046139405
4549046139412
4549046139412
4549046139429
4549046139610
4549046139627
4549046139634
4549046139917
4549046139924
4549046140463
4549046140463
4549046140470
4549046140968
4549046140968
4549046140975
4549046140982
4549046141163
4549046141170
4549046141309
4549046141316
4549046141323
4549046141491
4549046141644
4549046141651
4549046141668
4549046141828
4549046141835
4549046141835
4549046141842
4549046144201
4549046144218
4549046144225
4549046144379
4549046144379
4549046144386
4549046144393
4549046144928
4549046144935
4549046144935
4549046145062
4549046145079
4549046145086
4549046147882
4549046147899
4549046148599
4549046148605
4549046148612
4549077457974
4549077811813
4549077811820
4549077890627
4549077893055
4549077893062
4549212300202
4549212301612
4549212301643
4549212302336
4549212303739
4549212304378
4549212304415
4549212304507
4549212304507
4549212305863
4549212306181
4549212306297
4549292056389
4549292056389
4549292057522
4549292057584
4549292081121
4549292083897
4549292084856
4549292115611
4549292115703
4549292115710
4549292115727
4549292119008
4549292119060
4549292119114
4549292119282
4549292132144
4549292132670
4549292132694
4549292136401
4549292136494
4549292136913
4549292137743
4549292138313
4549292138436
4549292151251
4549292157253
4549292157345
4549292167382
4549292167399
4549292167405
4549292167412
4549292167498
4549292168037
4549292171433
4549292176315
4549292176346
4549292179675
4549292181623
4549292181661
4549292182477
4549292182484
4549292184853
4549292185430
4549292185478
4549292185485
4549292185492
4549292185546
4549292186758
4549292186765
4549292186772
4549292189711
4549292189766
4549292189803
4549292200508
4549292200577
4549292200652
4549292204230
4549292204698
4549292204704
4549292214543
4549292214628
4549292214666
4549292220582
4549292222050
4549550273978
4549576094113
4549576126906
4549576158181
4549576161617
4549576161617
4549576167718
4549576167718
4549576167862
4549576168319
4549576168739
4549576173672
4549576174273
4549576174280
4549576174624
4549576174754
4549576175614
4549576178660
4549576178677
4549576178806
4549576179049
4549576179056
4549576182957
4549576183381
4549576183398
4549576184463
4549576186054
4549576186061
4549576186078
4549576187129
4549576187143
4549576188348
4549576188355
4549576188379
4549576188386
4549576188393
4549576188409
4549576189093
4549576189185
4549576189246
4549576189352
4549576189871
4549576190266
4549576194172
4549576194189
4549576195308
4549576195407
4549576195520
4549576195537
4549576195544
4549576195551
4549576195797
4549576197517
4549576199818
4549576200071
4549576206431
4549576206837
4549576206844
4549576208824
4549576208862
4549576210162
4549576210469
4549576210643
4549576210667
4549576210797
4549576211046
4549576211060
4549576211077
4549576212715
4549576212722
4549576212739
4549576212753
4549576212807
4549576212814
4549576212821
4549576215563
4549576218304
4549576224428
4549576230382
4549576238845
4549576241692
4549576241708
4549576241715
4549576246994
4549576247038
4549576247038
4549576250632
4549767165899
4549873124568
4549873134161
4549873134178
4549873134253
4549873158679
4549873158686
4549873158853
4549873161402
4549873161426
4549873163482
4549873175386
4549873176406
4549873176789
4549873176789
4549873185460
4549873188225
4549873188232
4549873188232
4549873195681
4549873195698
4549980030714
4549980030721
4549980030738
4549980076958
4549980076989
4549980191279
4549980232521
4549980250587
4549980250594
4549980431214
4549980431238
4549980441916
4549980452547
4549980453445
4549980465509
4549980465516
4549980471982
4549980471999
4549980485477
4549980486405
4549980486412
4549980486429
4549980486436
4549980486443
4549980487198
4549980487204
4549980487211
4549980487266
4549980487273
4549980487327
4549980487334
4549980487433
4549980487457
4549980487471
4549980487495
4549980489482
4549980489505
4549980489536
4549980489543
4549980490334
4549980490471
4549980490747
4549980493106
4549980493120
4549980496350
4549980502372
4549980502389
4549980502396
4549980502402
4549980502419
4549980506721
4549980506745
4549980506752
4549980511749
4549980511756
4549980511763
4549980514207
4549980514214
4549980514214
4549980514221
4549980514245
4549980514252
4549980515730
4549980515747
4549980515778
4549980523445
4549980523827
4549980546369
4549980549537
4549980549544
4549980549551
4549980550625
4549980550786
4549980550793
4549980568361
4549980573839
4549980578568
4549980578612
4549980578629
4549980578636
4549980601235
4549980601761
4549980615485
4549980617014
4549980619568
4549980630532
4549980651889
4549980651896
4549980651988
4549980657188
4549980657232
4549980657249
4549980659786
4549980659809
4549980660294
4549980660300
4549980660317
4549980660331
4549980666425
4549980666432
4549980667033
4549980667064
4549980667071
4549980673096
4549980674727
4549980681817
4549980681831
4549980681848
4549980682081
4549980682098
4549980684030
4549980684047
4549980684054
4549980694367
4549980703472
4549980705858
4549980707463
4549980708071
4549980712313
4549980712627
4549980712801
4549980712825
4549980712832
4549980712849
4549980712856
4549980712863
4549980712870
4549980717462
4549980723937
4549980736364
4549980737408
4549980737460
4549980737477
4549980737477
4549980737484
4549980739648
4549980746424
4549980746431
4549980746448
4549980746448
4549980762943
4549980762950
4549980762967
4549980762974
4549980783450
4549980783467
4549980783474
4549980797280
4549980797297
4549980800867
4549980800874
4549980878965
4549995069389
4549995085334
4549995106589
4549995106596
4549995128659
4549995128666
4549995157062
4549995157079
4549995192094
4549995192100
4549995192124
4549995192131
4549995192148
4549995192865
4549995208351
4549995219906
4549995219913
4549995219920
4549995244960
4549995249989
4549995249996
4549995250015
4549995250022
4549995250367
4549995250442
4549995250527
4549995250565
4549995250640
4549995250725
4549995251111
4549995251159
4549995251234
4549995251272
4549995251524
4549995251548
4549995251562
4549995251579
4549995251593
4549995251616
4549995251982
4549995252033
4549995285413
4549995285604
4549995285659
4549995286014
4549995286069
4549995297102
4549995303612
4549995329292
4549995336634
4549995336641
4549995337921
4549995337969
4549995338003
4549995338041
4549995338089
4549995338126
4549995347371
4549995347388
4549995347395
4549995347401
4549995347418
4549995347425
4549995347432
4549995347449
4549995347456
4549995347463
4549995348071
4549995348088
4549995348095
4549995348101
4549995348118
4549995348125
4549995348132
4549995348149
4549995348156
4549995348163
4549995348828
4549995348866
4549995348903
4549995348941
4549995348989
4549995349023
4549995349061
4549995349108
4549995349146
4549995350128
4549995350135
4549995350142
4549995350159
4549995350166
4549995350173
4549995350180
4549995350197
4549995350203
4549995350210
4549995357295
4549995357479
4549995357516
4549995358698
4549995358735
4549995359015
4549995359053
4549995359138
4549995361513
4549995361513
4549995361520
4549995361537
4549995361544
4549995361599
4549995361605
4549995361612
4549995361612
4549995361629
4549995361957
4549995368062
4549995389180
4549995398502
4549995398540
4549995398588
4549995398625
4549995398663
4549995398700
4549995398748
4549995398786
4549995398823
4549995398861
4549995398908
4549995398946
4549995398984
4549995399028
4549995399066
4549995399103
4549995399141
4549995399189
4549995400366
4549995400373
4549995400380
4549995400397
4549995400403
4549995400410
4549995400427
4549995400434
4549995400441
4549995400519
4549995400526
4549995400533
4549995400540
4549995400557
4549995400564
4549995400601
4549995400618
4549995400632
4549995400762
4549995400779
4549995400786
4549995400793
4549995400823
4549995400830
4549995400854
4549995400861
4549995400878
4549995400892
4549995400908
4549995400915
4549995400922
4549995400939
4549995400946
4549995400953
4549995400960
4549995400977
4549995400984
4549995401004
4549995401028
4549995401042
4549995401059
4549995401066
4549995401257
4549995401264
4549995401288
4549995401295
4549995401318
4549995401325
4549995401349
4549995401356
4549995401363
4549995401370
4549995401387
4549995401394
4549995401400
4549995401417
4549995401424
4549995401431
4549995401462
4549995401479
4549995401493
4549995401516
4549995401523
4549995401530
4549995401561
4549995401578
4549995401592
4549995401622
4549995401646
4549995401653
4549995401677
4549995401684
4549995401691
4549995401707
4549995401738
4549995401745
4549995401769
4549995420470
4549995420487
4549995420494
4549995420500
4549995420944
4549995420951
4549995420975
4549995428933
4549995433937
4549995437157
4549995437164
4549995441109
4549995445596
4549995446074
4549995449297
4549995449303
4549995449310
4549995449327
4549995449334
4549995449341
4549995449358
4549995449365
4549995449372
4549995449389
4549995449396
4549995449402
4549995449419
4549995449426
4549995449433
4549995449440
4549995449907
4549995449914
4549995449921
4549995449945
4549995449952
4549995449969
4549995449976
4549995449983
4549995449990
4549995450002
4549995450019
4549995450026
4549995450033
4549995450040
4549995450057
4549995451214
4549995451221
4549995451238
4549995451245
4549995451252
4549995451269
4549995451269
4549995451276
4549995451283
4549995451566
4549995451603
4549995451641
4549995451689
4549995451726
4549995451764
4549995452082
4549995452099
4549995452105
4549995452112
4549995452129
4549995452136
4549995452136
4549995452143
4549995452150
4549995452402
4549995452440
4549995452488
4549995452525
4549995452563
4549995452600
4549995452976
4549995452976
4549995452983
4549995452983
4549995452990
4549995453003
4549995453010
4549995453010
4549995453027
4549995453034
4549995453041
4549995453058
4549995453065
4549995453072
4549995453089
4549995453096
4549995453096
4549995453102
4549995453119
4549995453126
4549995453492
4549995453508
4549995453515
4549995453522
4549995453539
4549995453546
4549995453553
4549995453560
4549995453577
4549995453584
4549995453591
4549995453607
4549995453614
4549995453621
4549995453638
4549995453645
4549995454017
4549995488982
4549995488999
4549995489026
4549995489033
4549995489040
4549995489057
4549995501018
4549995501025
4549995501032
4549995501049
4549995501056
4549995501063
4549995501070
4549995501087
4549995501094
4549995501100
4549995501117
4549995501124
4549995501131
4549995501148
4549995501155
4549995501162
4549995501179
4549995501186
4549995501254
4549995501261
4549995501278
4549995501285
4549995501292
4549995501308
4549995501315
4549995501322
4549995501339
4549995501346
4549995501353
4549995501360
4549995501377
4549995501384
4549995501391
4549995501407
4549995501414
4549995501421
4549995501438
4549995501445
4549995501452
4549995501469
4549995501476
4549995501483
4549995501490
4549995501506
4549995501513
4549995501520
4549995501537
4549995501544
4549995501551
4549995501568
4549995501575
4549995501582
4549995501599
4549995501605
4549995504460
4549995514445
4549995514469
4549995514483
4549995514506
4549995514520
4549995514544
4549995514568
4549995514582
4549995514827
4549995514834
4549995514841
4549995514858
4549995514865
4549995514872
4549995514889
4549995514896
4549995514902
4549995514919
4549995514926
4549995514933
4549995514940
4549995514957
4549995514964
4549995514971
4549995514988
4549995514995
4549995519860
4549995519921
4549995519921
4549995521436
4549995521450
4549995521474
4549995521498
4549995526486
4549995526486
4549995526493
4549995526509
4549995526516
4549995526516
4549995526523
4549995526530
4549995526547
4549995526554
4549995526554
4549995526769
4549995526776
4549995526783
4549995526790
4549995526806
4549995526813
4549995526820
4549995526837
4549995530537
4549995530544
4549995530551
4549995530568
4549995530698
4549995530704
4549995530711
4549995530728
4549995542479
4549995542486
4549995542493
4549995542509
4549995542516
4549995542523
4549995542554
4549995542561
4549995542578
4549995542585
4549995542592
4549995542608
4549995550566
4549995550580
4549995550689
4549995550702
4549995551013
4549995551051
4549995551099
4549995551365
4549995551389
4549995551402
4549995551426
4549995551440
4549995551457
4549995551464
4549995551471
4549995551488
4549995551495
4549995551501
4549995551518
4549995552089
4549995552096
4549995552102
4549995552119
4549995552126
4549995553871
4549995553895
4549995555233
4549995555240
4549995555240
4549995555257
4549995555257
4549995555264
4549995555264
4549995555271
4549995555288
4549995555295
4549995555301
4549995555318
4549995555325
4549995555332
4549995555349
4549995555356
4549995555363
4549995555370
4549995555387
4549995556315
4549995556322
4549995556339
4549995556346
4549995556353
4549995556360
4549995556377
4549995556384
4549995556391
4549995556391
4549995556407
4549995556414
4549995556421
4549995556438
4549995556445
4549995556452
4549995556469
4549995560077
4549995560084
4549995560084
4549995560091
4549995560107
4549995560114
4549995560121
4549995560138
4549995560145
4549995560152
4549995560169
4549995560176
4549995560183
4549995595307
4549995595307
4550161161462
4550161442844
4550161442899
4550161481423
4550556103107
4550556103121
4550556103152
4550556103572
4550556103589
4550556103596
4550556104555
4550556108317
4550556108324
4550556108331
4550556110761
4550556111386
4550556111607
4550556112581
4550556112598
4550556112604
4550556115315
4550556115322
4550556115339
4550556115346
4550556115353
4550556115360
4550556131131
4550556131148
4550556131292
4550556132947
4550556132954
4550556134057
4550556134064
4550556143851
4550556143868
4550556144285
4550556144292
4550556144292
4550556144315
4550556144322
4550556144346
4550556144353
4550556144377
4550556144384
4550556149945
4550559111581
4560221911333
4560330110139
4560330110146
4560330110153
4560330110696
4560330110702
4560330111181
4560330111198
4560330111365
4560330111372
4560330111389
4562226431663
4570131342752
4571304479077
4571411215179
4571537802031
4571537802048
4571574970335
4571577961729
4571577970691
4571577977416
4571577977430
4571577994680
4571579000143
4571579012955
4571591327402
4571591440774
4571591626192
4571592309704
4571592360927
4573173356350
4573176154397
4573176155066
4573176156087
4573176156094
4573176159170
4573176159194
4573176159200
4573176159217
4573176159224
4573176159507
4573535125341
4573535125358
4573535231967
4573535231998
4573535233572
4580038871514
4580038871538
4580038876137
4580038876144
4580038879367
4580038879374
4580038879381
4580038879398
4580038879404
4580038879435
4580038879442
4580038879541
4580038879558
4580038879640
4580038879657
4580038879725
4580038879732
4580038879787
4580038879794
4580038879855
4580038879862
4580038879879
4580038879886
4580130921209
4580130921209
4580527850822
4580527850839
4580527850846
4580527850877
4580527850884
4580550387340
4580550387357
4580550942808
4580551077530
4580551122889
4580551648112
4580551661630
4580555480060
4580635950124
4580652110976
4580652111393
4580652111409
4580652111676
4580652111751
4580652112161
4580692432533
4580692432540
4580692432557
4580695760930
4580717790754
4582239433157
4582239433270
4582239433331
4582239433447
4582239436400
4582239436509
4582239436516
4582239436523
4582239436530
4582239436585
4582239436646
4582239436653
4582239436813
4582239436820
4582239436837
4582239436875
4582239436882
4582239436974
4582577310677
4582747891760
4589702009772
4589771645567
4589771645574
4589771645581
4589771645598
4589771648018
4589771648025
4589771648025
4589771648070
4589771648100
4589771648339
4589771648346
4589779626766
4589794580142
4589796411192
4589796411208
4589796412724
4589796412731
4589796412755
4589796414780
4589796415459
4589796418627
4589796418634
4589796418641
4589796418962
4589857090755
4595319442048
4710483941733
4710483941733
4710483943676
4710483943683
4711377030199
4719072796327
4719072804619
4895252503968
4901780586080
4902370536003
4902370536034
4902370536058
4902370536485
4902370537345
4902370537703
4902370537789
4902370539073
4902370539455
4902370540437
4902370540734
4902370541281
4902370542868
4902370542929
4902370542936
4902370543889
4902370543896
4902370543902
4902370543940
4902370543964
4902370544060
4902370544077
4902370545302
4902370545319
4902370545784
4902370546057
4902370546941
4902370547115
4902370547627
4902370547672
4902370547672
4902370547948
4902370548433
4902370548495
4902370548501
4902370548839
4902370548846
4902370548983
4902370549003
4902370549027
4902370549034
4902370549263
4902370549454
4902370549546
4902370549560
4902370549706
4902370550337
4902370550412
4902370550481
4902370550504
4902370550504
4902370550542
4902370550559
4902370550634
4902370550702
4902370550825
4902370550870
4902370550979
4902370551013
4902370551112
4902370551136
4902370551150
4902370551198
4902370551457
4902370551471
4902370551495
4902370551587
4902370551600
4902370551679
4902370551693
4902370551693
4902370551709
4902370551815
4902370551877
4902370551891
4902370551938
4902370551952
4902370552027
4902370552133
4902370552195
4902370552232
4902370552232
4902370552409
4902370552430
4902370552430
4902370552461
4902370552492
4904530112065
4904530112126
4904530112133
4904530112515
4904530112522
4904530112577
4904530112584
4904530112973
4904530115462
4904530119880
4904530119897
4904530119903
4904530119910
4904530119941
4904530119958
4904530120008
4904530120060
4904530120077
4904530125751
4904530408069
4904710430316
4904710433959
4904710433966
4904710433973
4904710434093
4904710434109
4904710434116
4904710434116
4904710434345
4904710434352
4904710434383
4904710434390
4904710434413
4904710434536
4904710437780
4904710437933
4904710437940
4904710437957
4904710438695
4904710438701
4904710441022
4904710441022
4904710441046
4904710441091
4904710441107
4904810930822
4905524972535
4906128400639
4906128449539
4938833024404
4938833024510
4938833024701
4938833024749
4940261517908
4940261520175
4940261520182
4940577937650
4940577937698
4940577937971
4940577938084
4940577975362
4940577975379
4940577975461
4941787083076
4941787083090
4941787083113
4941787083403
4941787083724
4941787083984
4941787083991
4941787083991
4941787087807
4941787087814
4941787087838
4941787087845
4941787087852
4941787088248
4941787088255
4941787088262
4941787100803
4941787100810
4941787100827
4941787101459
4941787101459
4941787101466
4941787101473
4941787101473
4941787101480
4941787101558
4941787101572
4941787101688
4941787101695
4941787101701
4941787101763
4941787101770
4941787101855
4941787101855
4941787101862
4941787101862
4941787114190
4941787114206
4941787114213
4941787114237
4941787114251
4941787114275
4941787119690
4941787122133
4941787122157
4941787122515
4941787122539
4941787122638
4941787122652
4941787122676
4941787122690
4941787122713
4941787122737
4941787123321
4941787123338
4941787123345
4941787123369
4941787123376
4941787123376
4941787123383
4941787123727
4941787124755
4941787127077
4941787127084
4941787127091
4941787127640
4941787127657
4941787127664
4941787128302
4941787128319
4941787128326
4941787136024
4941787136048
4941787136062
4942857217544
4942857217551
4942857217568
4942857219227
4942857219241
4942857220995
4942857221008
4942857221015
4942857221053
4942857221060
4942857222029
4942857222913
4942857222920
4942857222937
4942857223019
4942857223026
4942857223033
4942857223095
4942857223101
4942857223163
4942857223170
4942857223187
4942857224757
4942857224764
4942857224771
4942857224818
4942857224825
4942857224832
4942857224849
4942857225921
4942857225938
4942857225945
4942857227741
4942857227758
4942857227765
4942857231038
4942857231045
4942857231168
4942857231175
4942857231182
4942857232721
4942857232738
4942857232745
4942857233421
4942857233438
4942857233445
4942857233445
4942857236859
4942857236866
4942857236873
4942857238419
4942857238426
4942857238426
4942857238433
4942857239119
4942857239126
4942857239133
4942857242836
4942857242843
4942857242850
4943765055587
4943765055594
4943765060840
4943765060857
4943765062080
4943765062103
4948872015899
4948872015905
4948872015998
4948872016131
4948872016186
4948872016230
4948872016469
4948872016476
4948872016490
4948872016612
4948872016704
4948872016858
4948872016865
4948872016940
4948872016957
4948872016964
4948872017084
4948872017169
4948872017169
4948872017176
4948872017183
4948872017206
4948872017237
4948872017244
4948872017251
4948872414203
4948872414296
4948872414340
4948872414562
4948872414647
4948872414975
4948872415064
4948872415088
4948872415125
4948872415163
4948872415187
4948872415248
4948872415279
4948872415279
4948872415286
4948872415293
4948872415644
4948872415668
4948872415682
4948872415712
4948872415712
4948872415804
4948872415910
4948872415910
4948872415934
4948872416016
4948872416030
4948872416139
4948872416207
4948872416245
4948872416276
4948872416306
4948872416320
4948872416375
4948872416399
4948872416412
4948872416467
4948872416504
4948872416603
4948872416610
4948872416641
4948872416702
4948872416726
4949776471019
4949776471033
4949776472016
4951035072950
4951035073162
4951035073179
4952040150206
4952040150237
4952040150503
4952040150510
4952040150602
4956027128929
4957792145203
4957792163740
4957812660419
4957812660556
4957812694223
4957902027931
4958043158386
4958043198801
4958043198986
4960371006680
4960759148803
4960759900159
4960759900371
4960759900388
4960759902191
4960759902290
4960759902306
4960759903624
4960759904485
4960759904911
4960759906137
4960759906274
4960759906557
4960759909077
4960759910639
4960759910967
4960759911049
4961310161231
4961310161248
4961310161255
4961311936326
4961607440773
4961607440780
4961607440797
4961607440803
4965857104454
4967576694650
4967576694667
4968543714005
4968543714470
4968929077922
4968929077939
4968929077946
4968929077984
4968929078011
4968929078028
4968929078738
4968929210947
4968929210978
4968929211012
4968929215959
4968929217212
4968929217434
4968929220755
4968929220762
4968929220793
4968929221295
4968929221639
4969929250933
4969929251022
4969929251039
4969929252340
4969929252784
4969929255457
4969929257130
4969929257147
4969929257208
4969929257215
4969929257222
4969929257239
4969929257246
4969929258083
4969929258168
4969929258229
4969929258236
4969929258243
4969929258397
4969929258663
4969929258670
4969929259127
4969929259134
4969929259141
4969929259165
4969929259165
4969929259172
4969929259240
4969929259257
4969929259523
4969929259530
4969929259554
4969929259561
4969929259639
4969929259646
4969929260307
4969929260314
4974011801504
4974011803836
4974011806356
4974011806370
4974019130392
4974019133560
4974019134857
4974019142548
4974019142555
4974019142562
4974019148137
4974019167480
4974019179858
4974019184296
4974019184319
4974019184326
4974019187136
4974019187143
4974019190747
4974019197623
4974019200590
4974019201634
4974019205908
4974019205915
4974019205946
4974019206011
4974019206028
4974019206035
4974019206042
4974019206059
4974019206066
4974019206288
4974019206684
4974019206691
4974019206707
4974019214665
4974019214672
4974019214689
4974019214696
4974019214702
4974019214719
4974019221816
4974019222295
4974019222318
4974019222325
4974019222462
4974019222462
4974019222479
4974019222486
4974019224619
4974019230023
4974019230207
4974019243337
4974019243337
4974019251141
4974019251158
4974019251165
4974019251202
4974019251721
4974019251769
4974019269078
4974019269443
4974019280844
4974019418414
4974019499352
4974019499369
4974019499376
4974019499666
4974019707952
4974305202932
4974305217127
4974305218223
4974305218773
4974305219480
4974305220226
4974305220240
4974305220325
4974305220400
4974305220424
4974305220462
4974305221506
4974305221520
4974305221698
4974305221698
4974305221711
4974305221803
4974305221827
4974305224101
4974305224125
4974305224149
4974305224163
4974305224170
4974305224194
4974305224217
4974305224224
4974305224248
4974305224255
4974305224279
4974305224729
4974305224736
4974305224842
4974305224859
4974305227089
4974305227102
4974305227126
4974305227140
4974305227430
4974305227782
4974305227799
4974305227805
4974305227812
4974365837334
4974365837365
4974365837372
4974365837785
4974365862879
4974365863050
4975514057658
4975514057665
4975514061518
4975514061846
4975514062102
4975514062171
4975514062188
4975514063185
4975514063901
4975514064595
4975514064854
4975514064878
4975514064885
4975514064892
4975514065165
4976219000093
4976219115803
4976219118156
4976219121286
4976219122177
4976219123976
4976219124379
4976219124416
4976219125420
4976219126649
4976219131797
4978877387929
4978877387950
4978877387967
4980501431038
4981254045169
4981254049051
4981254049075
4981254051214
4981254057391
4981254064658
4981254066553
4981254066577
4981254067932
4981254070444
4981254070444
4986773211071
4986773211088
4986773220226
4986773220240
4986773230683
4986773231451
4986773231468
4986773231475
4986773231758
4986773240019
4986773240026
4986773240033
4986773240040
4986773240057
4986773240064
4986773240071
4986773240088
4986773240095
4986773241290
4986773241313
4986773241405
4986773243324
4987176152800
4987176152855
4987176165640
4987176165695
4987176165725
4987176165732
4987176165763
4987176165794
4987176168764
4987176169440
4987176171641
4987176171689
4987176180292
4988028447433
4988028479748
4988028500862
4988028500886
4988028500916
4988028501661
4988028522000
4988028522031
4988028522062
4988028522123
4988028522185
4988028526756
4988371024176
4988371024183
4988371024398
4988371024718
4988601011082
4988601011143
4988601011150
4988601011174
4988601011211
4988601011297
4988601011310
4988601011419
4988601011525
4988601011648
4988601011822
4988602173222
4988602174946
4988602176490
4988602177534
4988602177602
4988615142192
4988615168550
4988615193194
4988617354814
4988617439146
4988617439153
4988617439160
4988617439184
4988617467125
4988617467132
4988617467149
4988755059411
4988755065740
5025155038093
5025155041123
5025155041970
5025155042397
5025155042403
5025155045275
5025155046654
5025155046760
5025155048832
5025155048900
5025155050880
5025155054543
5025155059258
5025155059531
5025155060230
5025155062371
5025155069370
5025155069882
5025155070857
5025155070970
5025155070994
5025155072295
5025155073339
5025155073612
5025155074183
5025155075463
5025155075470
5025155076743
5025155076750
5025155076774
5025155076873
5025155082614
5025155085011
5025155085240
5025155085257
5025155103722
5030917297458
5030917298486
5030917299964
6934177750816
6934177751059
6934177751127
6934177752797
6934177755705
6934177777820
6934177777837
6934177777837
6934177786532
6934177789243
6934177789267
6934177798344
6934177798412
6934177798917
6934177798979
6934177799310
6941487230075
6941487248377
6941487248421
6941487277926
6941487277933
6941565903150
6941565906410
6941565965073
6941565965080
6941565969873
6941565969903
6941812709900
6941812709979
6941812714966
6941812715543
6941812716243
6941812716366
6941812716670
6941812730027
6941812730317
6941812730362
6941812730591
6941812730676
6941812730720
6941812735497
6941812735541
6941812735978
6941812739884
6941812739891
6941812739907
6941812740606
6941812740699
6941812740767
6941812740866
6941812740965
6941812741061
6941812748978
6941812749005
6941812762820
6941812764534
6941812764541
6941812764558
6941812764558
6941812766491
6941812775615
6941812775622
6941812775639
6941812775646
6941812775653
6941812775653
6941812775660
6941812789056
6941812789179
6941812789216
6941812793909
6941812794326
6941812795026
6941812795088
6941812795187
6941812798188
6941812798317
6941812798317
6970214571532
6970214572065
6970357855506
7622100546993
7622100547020
7622100547044
7622100834380
7622100834465
7622100834502
7622100834526
7622100834540
7622100834564
7622100834588
7622100834601
7622100834625
7622100834649
7622100834663
7622100834687
7622100834717
7622100834724
8710103942276
8710103942283
8710103942290
8710103993674
8710103996422
8720689017138
8720689017176
8720689017671
8720689019224
