timestamp,jan_code,product_name,current_price,price_change_rate,success,thread_id,error
2025-03-30 10:15:07,4549995560084,【未開封｜未使用 】iPad (A16) 第11世代 11インチ,54480,-8.865841418534627,True,18098584378525906,
2025-03-30 10:15:24,6941812775622,【新品　国内版】Xiaomi シャオミ Redmi Note 13 Pro+ 5G 12G+512G オーロラパープル SIMフリー/国内版/楽天/ドコモ/au/ソフトバンク/SIM対応,53969,-17.005243975579376,True,17925389813939254,
2025-03-30 13:58:50,4547410555172,FUJIFILM X-M5 XC15-45mmレンズキット ブラック ミラーレスデジタルカメラ 富士フィルム,193842,-6.216979854082403,True,18095001142550638,
2025-03-30 13:59:10,4548736118584,SONY(ソニー) コンパクトデジタルカメラ VLOGCAM Vlog用カメラ ZV-1 ボディ ウィンドスクリーン付属 24-70mm F1.8-2.8 ズームレンズ ブラック ZV-1 B,105420,-6.109725685785536,True,18042571652600610,
2025-03-30 13:59:31,4549576247038,【送料無料・在庫あり】Microsoft Xbox Series X 1TB デジタル モデル [EP2-00708](ホワイト),76999,-12.964993387514271,True,18075406738794950,
2025-03-30 13:59:51,4549995501315,【未使用】Apple Apple Watch Series10 42mm Cellular ローズゴールドアルミニウムケース/ライトブラッシュスポーツバンド (S/M) MWX93J/A【静岡】保証期間3ヶ月,67980,-15.781910083127887,True,17985267707799653,
2025-03-30 14:00:12,4549995552096,【新品 保証開始済み品】AirPods Max MWW53ZA/A スターライト,70800,-7.450980392156863,True,18041589854390772,
2025-03-30 14:00:32,4550556143868,【新品】SHARP シャープ プラズマクラスタードレープフロードライヤー IB-WX902-B ブラック,28289,-23.8006734006734,True,18063503056964611,
2025-03-30 14:00:53,4904530115462,【新品】TOSHIBA 東芝 サイクロン式スティッククリーナー 掃除機 充電式 パワーブラシ シャイニーシルバー VC-CLS11-S,23353,-5.834677419354839,True,17955426755929820,
2025-03-30 14:01:15,4943765062080,【新品】LOGICOOL ロジクール MX ANYWHERE 3S コンパクト ワイヤレス パフォーマンス マウス MX1800GR グラファイト,13900,-19.83852364475202,True,17952906830943907,
2025-03-30 14:01:37,4960759906137,【新品】Nikon ニコン カメラレンズ NIKKOR Z DX 18-140mm f/3.5-6.3 VR,79753,-8.550624928333907,True,17851976256386421,
2025-03-30 16:16:50,4549980737408,新品 Panasonic ラムダッシュ 3 ES-LT8C-A [青] パナソニック シェーバー,16800,-18.048780487804876,True,18017859407507191,
2025-03-30 16:17:02,4549980737484,新品 Panasonic ラムダッシュ 3 ES-LT2Q-T [茶] パナソニック シェーバー,9800,-5.038759689922481,True,17961193058877387,
2025-03-30 16:17:17,4549995454017,【未使用】Apple Apple Pencil（USB-C） MUWA3ZA/A【ECセンター】保証期間1週間,11980,-6.406249999999999,True,17957752076783111,
2025-03-30 16:17:31,4960759902290,Nikon デジタルカメラ COOLPIX B600 BK 光学60倍 軽量 クールピクス ブラック B600BK,87407,-5.05843760862009,True,17999921045756858,
2025-03-30 16:17:41,4968929221639,JBL　ブルートゥース スピーカー ［防水 /Bluetooth対応］ SWASH PINK　JBLGO4PINK,5991,-22.984959506363285,True,18134810950401007,
2025-03-30 19:35:48,4549980568361,2022年発売 パナソニック 光美容器 光エステ ボディフェイス用 ハイパワー ゴールド ES-WP98-N,64197,-12.173199261235379,True,18109670884485521,
2025-03-30 22:19:58,6941812715543,シャオミ(Xiaomi) SIMフリースマートフォン Redmi 12C 大型 6.71 インチ HD 4GB+128GB スマホ docomo/au/SoftBank/Rakuten Mobile 回線対応 パープル,26695,-11.338802351456376,True,17915307578979896,
2025-03-31 07:36:01,4547410555189,FUJIFILM X-M5 XC15-45mmレンズキット シルバー ミラーレスデジタルカメラ 富士フィルム,190357,-28.81455442952769,True,17998694147773603,
2025-03-31 07:36:21,4549576195520,【展示品】【アウトレット 展示品】★☆Microsoft / マイクロソフト Surface Laptop 5 R1S-00020 [プラチナ],121280,-52.619447591514636,True,18062181014008779,
2025-03-31 07:36:41,4549995452082,【非常に良い｜良い｜可】iPad Pro 第1世代 (ipad pro1) 13インチ,165000,-10.120438612259571,True,17898845100166261,
2025-03-31 07:37:03,4549995501056,【未使用】Apple Apple Watch Series10 42mm GPS ジェットブラックアルミニウムケース/ブラックスポーツバンド (M/L) MWWF3J/A【大須】保証期間3ヶ月,54980,-8.336112037345782,True,18050608724349200,
2025-03-31 07:37:18,4580130921209,【新品】Nikon ニコン ゴルフ用レーザー距離計 COOLSHOT PROII STABILIZED,39945,-6.511105390034405,True,17855482509407536,
2025-03-31 07:37:38,4580652111751,東芝 DBR-4KZ200 JAN 4580652111751,72599,-34.1983141484637,True,18023050628672229,
2025-03-31 07:37:59,4948872416207,【お得・新品・送料無料・即納】 SONY ワイヤレスヘッドセット CFI-ZWH2J ※倉庫からの移動中に箱傷みあり※ 【外箱傷あり】,19768,-5.740987983978639,True,18070663507718472,
2025-03-31 07:38:20,4960759906557,ニコン レンズフード HB-102 Zレンズ用 Nikon ブラック,4036,-98.7848680546147,True,17975219198822075,
2025-03-31 07:38:41,4974019206691,SHARP AQUOS wish アイボリー SIMフリースマホ eSIM 5G対応,29824,-8.363546979659558,True,17905560639131970,
2025-03-31 07:39:00,4974305220325,【大特価】【数量限定商品】象印 IH炊飯ジャー NW-VC10 TA 5.5合炊き 4974305220325,16970,-12.835790230623042,True,18073296187662365,
2025-03-31 07:39:21,4974305224842,送料無料 象印 炊飯器 小容量圧力IH炊飯ジャー 4合炊き 炎舞炊き NW-UT07 / 圧力IH炊飯器 大火力 保温 白米 無洗米 おかゆ 冷凍ごはん 玄米 雑穀米 内釜3年保証 ZOJIRUSHI 濃墨 絹白 黒 キッチン家電 調理家電 JGS dej,83875,-5.279503105590062,True,18317196937201929,
2025-03-31 07:39:42,4974305227089,象印 炎舞炊き NW-FC10-BZ [濃墨] JAN 4974305227089,93452,-17.152482269503547,True,18055198289328670,
2025-03-31 07:40:04,7622100547044,【送料無料・在庫あり】IQOS イルマ i アニバーサリーモデル（錫セット）【製品登録不可商品】,9022,-14.076190476190476,True,18380573269185490,
2025-03-31 10:32:31,4549046139610,未使用｜128GB｜SIMフリー｜MOTOROLA｜moto g53y 5G｜A301MO｜ワイモバイル｜本体,15280,-15.016685205784205,True,18273087472256005,
2025-03-31 10:32:44,4549292057584,【即納・お得・新品・送料無料・即納】CANON IXY 650 [シルバー] ※倉庫からの移動中に箱傷みあり※ 【外箱傷あり】,48783,-5.233405210093829,True,18062264629840746,
2025-03-31 10:32:56,4549576215563,【新品】Microsoft Xbox Series S [ 1TB ブラック ],57500,-7.258064516129033,True,17890355709210807,
2025-03-31 10:33:08,4549980657188,パナソニック ストラーダ F1X PREMIUM10 CN-F1X10BGD JAN 4549980657188,343200,-9.956709956709958,True,18364492663131311,
2025-03-31 10:33:21,4550556111386,[4/1限定 店内最大P5倍&最大2000円OFFクーポン 4/6 9:59まで] 【特価セール】 加湿空気清浄機 プラズマクラスター7000搭載 薄型エントリーモデル ホワイト系 SHARP シャープ KC-S50-W,23900,-6.457925636007827,True,18128207977419025,
2025-03-31 10:33:33,4550556144322,【新品・在庫あり・送料無料】SHARP AQUOS sense9 SH-M29 6G+128G SIMフリー [ブラック]* メーカー版｜ docomo｜AU ｜softbank｜楽天｜格安SIMも使用可能,56879,-5.29163960903808,True,18264233662276859,
2025-03-31 10:33:47,4570131342752,【在庫あり・送料無料】PS5 鉄拳8 ELJS20052【ポスト投函】,8219,-15.09297520661157,True,18020363135682317,
2025-03-31 10:33:59,4580038879381,【新品未使用】 SIMフリー OPPO Reno7 A ブルー スマホ 土日祝発送,28200,-26.414946637789317,True,18136400977393214,
2025-03-31 10:34:12,4582239433331,【新品・送料無料・在庫あり】モトローラ motorola razr 50 ultra 12GB+512GB SIMフリー [ミッドナイトブルー]｜ストレージ容量合計：512.0 GB｜バッテリー容量：4000 mAh｜メモリ容量（RAM）：12.0 GB※メーカー保証対象外※,145000,-5.7088419094934935,True,18063709540990593,
2025-03-31 10:34:25,4902370540437,【新品】任天堂　Nintendo Switch スーパー マリオパーティSUPER MARIO PARTY 　HAC-P-ADFJA 送料無料（レターパックで発送）4902370540437 任天堂/Nintendo Switch ソフト 【即日発送、土、祝日発送 】,5984,-9.03010033444816,True,17856724986401982,
2025-03-31 10:34:37,4942857221053,【非常に良い｜良い｜可】FCNT｜arrows We,6800,-42.3728813559322,True,18004721570748884,
2025-03-31 10:34:50,4942857239133,【在庫あり・送料無料】arrows We2 F-52E docomo [ライトオレンジ]　SIMフリー　白ロム,14479,-13.805214906536492,True,18064106713812345,
2025-03-31 10:35:02,4942857242836,【在庫あり・送料無料】Galaxy A25 5G SC-53F 4G+64G [ライト ブルー] ／ docomo 版／白ロム ／SIMフリー,17999,-5.754529270080637,True,17907829260077109,
2025-03-31 10:35:14,4942857242850,【在庫あり・送料無料】Galaxy A25 5G SC-53F 4G+64G [ブラック] ／ docomo版／白ロム ／SIMフリー,17839,-6.597204042096445,True,17972127557712583,
2025-03-31 10:35:29,4948872416726,DualSense ワイヤレスコントローラー “モンスターハンターワイルズ“ リミテッドエディション,12355,-12.263882971168869,True,17881765644166046,
2025-03-31 10:35:43,4981254049075,HD-NRLD4.0U3-BA USB3.1/USB3.0/USB2.0 外付けHDD PC用＆TV録画用 静音＆防振＆放熱設計 日本製 4TB,13480,-15.517673602406617,True,17857285146400002,
2025-03-31 10:35:56,5025155069882,ダイソン(DYSON) Dyson Digital Slim Fluffy Origin SV18 FF ENT2 コードレススティッククリーナー 国内正規品,42980,-18.437832093517535,True,17908893693015967,
2025-03-31 10:36:09,6970214572065,【お得・新品・未開封・送料無料・在庫あり】PICO 4 128GB VRヘッドセット ホワイト,69990,-21.825959723447745,True,18071803993848408,
2025-03-31 14:30:31,4547410431025,【新品・在庫あり・送料無料】FUJI FILM INSTAX MINI 11 SKY BLUE インスタントカメラ チェキ,15199,-29.877739331026525,True,18059570450105644,
2025-03-31 14:30:53,4547410431049,【新品・在庫あり・送料無料】FUJI FILM INSTAX MINI 11 CHARCOAL GRAY インスタントカメラ チェキ,18921,-12.705882352941176,True,18125618965425192,
2025-03-31 14:31:13,4547410489132,【新品】FUJIFILM 富士フイルムインスタントカメラ チェキ instax mini 12 ミントグリーン,14000,-21.255413690308792,True,18047782391360354,
2025-03-31 14:31:34,4549576126906,【新品】マイクロソフト Microsoft Xbox Elite FST-00009 ワイヤレス コントローラー シリーズ 2,18000,-15.15037239558782,True,18129779266410736,
2025-03-31 14:31:55,4549873195681,HITACHI（日立） 圧力IH炊飯器 5.5合炊き 4549873195681 沸騰鉄釜 ふっくら御膳 RZ-V100HM(W) [フロストホワイト],41580,-5.829596412556054,True,17942728727849056,
2025-03-31 14:32:16,4549873195698,HITACHI（日立） 圧力IH炊飯器 5.5合炊き 4549873195698 沸騰鉄釜 ふっくら御膳 RZ-V100HM(K) [フロストブラック],41580,-5.829596412556054,True,18095619394542523,
2025-03-31 14:32:37,4549980762943,【新品】Panasonic パナソニック 10V型カーナビ CN-F1X10C1D,177969,-31.211734693877553,True,17879469090276788,
2025-03-31 14:33:00,4549995451238,【新品】Apple iPad Pro 11インチ Wi-Fiモデル 7世代 512GB（標準ガラス搭載）MVVC3J/A スペースブラック,181969,-31.945966363612566,True,18452152966079288,
2025-03-31 14:33:21,4549995452600,【未使用】Apple 国内版 【SIMフリー】 iPad Pro 13インチ（第1世代/M4/2024） Cellular 1TB シルバー 標準ガラス MVXX3J/A【高崎モントレー】保証期間6ヶ月,271980,-33.999534080099394,True,18055545655942960,
2025-03-31 14:33:39,4549995526554,【新品】iPad mini A17 Pro 8.3インチ Wi-Fi 256GB MXNE3J/A パープル,89130,-28.428034561397876,True,18056331143157087,
2025-03-31 14:33:57,4942857239119,【在庫あり・送料無料】arrows We2 F-52E docomo [ライトブルー]　SIMフリー　白ロム,15163,-9.738674921126258,True,17907216405128513,
2025-03-31 14:34:17,4948872416603,【新品】SONY ソニー DualSense Edge ワイヤレスコントローラー CFI-ZCP1J01 ミッドナイトブラック,35000,-15.149458168682878,True,18261884218263797,
2025-03-31 14:34:37,4974305227782,在庫有、翌日出荷　象印 スチーム式 加湿器 4.0L 大容量 EE-DE50 EE-DE50-HA グレー EE-DE50-WA ホワイト｜清潔加湿 蒸気式 湿度調整 寝室 リビング オフィス用 静音設計 乾燥対策 冬の必需品 日本製 4974305227782 4974305227799,37800,-5.025125628140704,True,17980812113681477,
2025-03-31 14:35:00,4988028522000,【新品】Pioneer パイオニア カーナビゲーション 楽ナビ AVIC-RF721,102558,-19.80137629027213,True,18066079720767915,
2025-03-31 14:35:21,6941812740699,【未使用】Xiaomi 国内版 【Wi-Fi】 Redmi Pad SE 4GB 128GB ラベンダーパープル【ECセンター】保証期間3ヶ月,19980,-32.847107854670114,True,18112091626465246,
2025-03-31 16:31:16,4547410476361,富士フイルム FUJIFILM チェキ スマホプリンター instax mini Link2 クレイホワイト INS MINI LINK2 C WHITE,11090,-14.031007751937985,True,18384802945119371,
2025-03-31 16:31:30,4549077811813,パナソニック HDビデオカメラ V480MS 32GB 高倍率90倍ズーム ブラック HC-V480MS-K,85376,-11.34924096110315,True,18111670189476227,
2025-03-31 16:31:43,4549995514919,【未使用】Apple Apple Watch SE2 44mm GPS ミッドナイトアルミニウムケース/ミッドナイトスポーツバンド (S/M) MXEJ3J/A【京都】保証期間3ヶ月,34980,-11.346529132980205,True,18496182520020867,
2025-03-31 19:42:39,4548736103795,ソニー ウォークマン 16GB Aシリーズ NW-A105 : ハイレゾ対応 / MP3プレーヤー / bluetooth / android搭載 / microSD対応 タッチパネル搭載 最大26時間連続再生 360 Reality Audio再生可,39649,-14.505347593582888,True,17931202824008736,
2025-03-31 19:42:52,4549046134707,【未使用・本体のみ】 SIMフリー a201OP OPPO Reno7 A スターリーブラック 利用制限▲(赤ロム永久保証) 送料無料,25800,-7.194244604316546,True,17966439365745326,
2025-03-31 19:43:07,4549980490747,パナソニック 頭皮エステ サロンタッチタイプ〈スパイラル&スライド〉 ブラウン調 EH-HE0G-T,19040,-5.508684863523573,True,18344571322157959,
2025-03-31 22:16:29,4988601011174,〔デラックス版〕ドラゴンクエストX 目覚めし五つの種族 オフライン -Switch,22942,-35.76008736314507,True,18040049423615350,
2025-04-01 04:17:27,4547410431063,【新品・在庫あり・送料無料】FUJI FILM INSTAX MINI 11 LILAC PURPLE インスタントカメラ チェキ,12999,-36.974545454545456,True,18078887617678669,
2025-04-01 04:17:37,4547410489125,【お得・新品・送料無料・即納】FUJI FILM INSTAX MINI 12 BLOSSOM PINK [ピンク] ※外箱傷あり（倉庫移動中に箱傷み）,12650,-8.532176428054953,True,18076945591683079,
2025-04-01 04:17:47,4548736156425,【送料無料・新品・在庫あり】SONY ワイヤレスヘッドホン ULT WEAR WH-ULT900N (B) [ブラック]　シリーズ：ULT POWER SOUND,22973,-5.883075914621656,True,17958391298780128,
2025-04-01 04:17:59,4549292167405,Canon カメラ iNSPiC REC GREEN グリーン(小型/防水/耐久)身につけるカメラ FV-100 GREEN,29711,-32.40586963940393,True,18489554662036749,
2025-04-01 04:18:11,4549995192131,【未使用】Apple AirPods Max ピンク MGYM3J/A【秋葉本店】保証期間1週間,59980,-7.751461088895724,True,17924204469026975,
2025-04-01 04:18:23,4549995453034,【未使用】Apple iPad Air 13インチ （第1世代/M2/2024） Wi-Fiモデル 256GB スターライト MV2G3J/A【仙台駅東口】保証期間6ヶ月,131980,-5.267766779836204,True,18078115462736349,
2025-04-01 04:18:34,4550556144292,【新品・送料無料・在庫あり】AQUOS sense9 SH-M29 6G+128G SIMフリー [コーラル]* docomo｜AU ｜softbank｜楽天｜格安SIMも使用可能,55069,-7.369217830109336,True,17975950631835523,
2025-04-01 04:18:45,4550556144346,【新品・送料無料・在庫あり】AQUOS sense9 SH-M29 8G+256G SIMフリー [ブルー]* docomo｜AU ｜softbank｜楽天｜格安SIMも使用可能,63099,-9.144708423326135,True,18013029047715597,
2025-04-01 04:18:58,4580551122889,レノボ ( Lenovo ) Cons Lenovo (MediaTek Helio P22T Tab オクタコア/4GB/SSD 64GB/Android 10/10.1型//SIMスロット：なし) ZA6W0003JP,52716,-5.57933764396124,True,18056370539472699,
2025-04-01 04:19:10,4948872017176,"【送料無料・在庫あり】【PS5】PlayStation5 本体 (model group - slim)デジタル・エディション ""モンスターハンターワイルズ"" 同梱版 【CFIJ-10026】",72978,-16.192379246193067,True,17889426870219740,
2025-04-01 04:19:21,4960759902191,【展示品】ニコン NIKKOR Z 70-200mm f/2.8 VR S,283400,-15.176366711063888,True,18060677162319306,
2025-04-01 04:19:35,4988602173222,【在庫あり・送料無料】桃太郎電鉄 ～昭和 平成 令和も定番！～ [Nintendo Switch] コナミ(KONAMI) 【ポスト投函】,5298,-11.226541554959786,True,18051767045196264,
2025-04-01 07:44:32,4549046135636,【あす楽】【新品】SHARP AQUOS wish2 A204SH オリーブグリーン ワイモバイル【送料無料※沖縄を除く　即日発送】【不正利用防止のため、配達時転送不可】,15178,-5.018773466833542,True,17842467015458918,
2025-04-01 07:44:54,4549576186061,【送料無料・在庫あり】マイクロソフト Microsoft Xbox ワイヤレス コントローラー QAU-00070 [アストラル パープル],7677,-35.81103678929766,True,17954633138793440,
2025-04-01 07:45:16,4549873176789,【当日出荷】日立 コードレススティッククリーナー「パワーブーストサイクロン」 【日本製】(スタンド式充電台付き)(サテンブラック) PV-BH900SL-K コードレス掃除機 パワーブーストサイクロン 吸引力 軽量設計 LEDライト からまんブラシ パワフルスマートヘッド,46800,-5.92964824120603,True,18041254652612244,
2025-04-01 07:45:37,4580038879725,【送料無料・新品・在庫あり】 OPPO A79 5G mineoモバイル [グローグリーン] 白ロム・SIMフリー,17999,-5.15360699794488,True,18140227954376609,
2025-04-01 07:46:01,4957812660556,YAMAHA RX-A2A(B)【SS4957812660556】,94228,-12.321578114822742,True,18005169728733085,
2025-04-01 07:46:24,4968929217434,【あす楽】【新品未開封】JBL 完全ワイヤレスイヤホン TOUR PRO 2 CHAMPAGNE GOLD【即日発送、土祝日発送】【送料無料※沖縄を除く】4968929217434【不正利用防止のため、配達時転送不可】,25799,-21.284515636918382,True,18056546446912534,
2025-04-01 07:46:45,4969929255457,★ボーズ / Bose QuietComfort Earbuds [ソープストーン] 【イヤホン・ヘッドホン】【送料無料】,28050,-13.31891223733004,True,18037653287615149,
2025-04-01 07:47:06,4974019184296,【お得・新品・送料無料・即納】 SHARP AQUOS 4Kレコーダー 4B-C20DT3 ※倉庫からの移動中に箱傷みあり※ 【外箱傷あり】,63587,-16.222661396574438,True,18074650780768617,
2025-04-01 07:47:27,4974019206684,【新品】SHARP AQUOS wish SH-M20 SIMフリー [チャコール]【送料無料】【即日発送、土祝日発送】,19788,-9.816789718348373,True,18062465669061777,
2025-04-01 10:32:13,4547410441529,【新品】FUJIFILM フジフイルム instax SQUARE SQ1 チェキスクエア グレイシャーブルー,18500,-12.735849056603774,True,17904918567120635,
2025-04-01 10:32:27,4547410485837,【新品】FUJIFILM フジフィルム X-H2 XF16-80mm レンズキット,335000,-27.747223120888602,True,18377199286187615,
2025-04-01 10:32:40,4547410555158,【新品】FUJIFILM 富士フィルム X-M5 ボディ ブラック,175000,-5.359875832157092,True,18062585534047757,
2025-04-01 10:32:55,4549046140982,【新品】ZTE Libero 5G IV A302ZT Y!mobile版 128GB ブラック SIMロック解除済み/楽天/ドコモ/au/ソフトバンク/SIM対応,11370,-8.291659945152444,True,18064970353782448,
2025-04-01 10:33:08,4549576212739,ノートパソコン Microsoft / マイクロソフト Surface Laptop Go 3 XK1-00015 [サンドストーン] 【キャンセル不可・北海道沖縄離島配送不可】 0057-4549576212739-ds 4549576212739-ds,135130,-27.14146299381568,True,17900175432157896,
2025-04-01 10:33:21,4549576212814,マイクロソフト Surface Laptop Go 3 ノートパソコン ラップトップ セージ Office H&B 2021 搭載 / 12.4インチ /第12世代 Core-i5 /16GB/256GB / XKQ-00010,152814,-7.318049490538574,True,18050269478246675,
2025-04-01 10:33:35,4549980878965,【新品】Panasonic パナソニック ブルーレイレコーダー DIGA DMR-4TS204 ブラック,58869,-6.571972702745596,True,18500101243044585,
2025-04-01 10:33:48,4549995501155,【新品未開封】 Apple Watch Series 10 GPSモデル 46mm　MWWR3J/A 4549995501155,61000,-5.6895485466914035,True,17861736972311609,
2025-04-01 10:34:03,4549995551402,Mac ノート(MacBook) アップル / APPLE MacBook Air Liquid Retinaディスプレイ 13.6 MC7W4J/A [スターライト] 【キャンセル不可・北海道沖縄離島配送不可】 0057-4549995551402-ds,157500,-6.804733727810651,True,18055419596172811,
2025-04-01 10:34:16,4550556144315,【新品】SHARP シャープ スマホ AQUOS sense9 128GB SH-M29 ホワイ卜,55975,-5.84524810765349,True,18044717570122427,
2025-04-01 10:34:31,4550556144377,【新品】SHARP シャープ スマホ sense9 SH-M29B-W 8GB/256GB ホワイト SIMフリー,63089,-9.159107271418286,True,18391013476114752,
2025-04-01 10:34:43,4580652111676,東芝 REGZAブルーレイ DBR-T1010 JAN 4580652111676,63580,-23.076923076923077,True,17938039065002267,
2025-04-01 10:34:56,4582239433270,motorola razr 50　サンドクリーム,123340,-9.175257731958762,True,18056243179932494,
2025-04-01 10:35:11,4948872017206,【新品 箱不良・シュリンク破れ品】PS5 Slimモデル デジタル フォートナイト CFIJ-10028 Cobalt Starパック,69000,-5.45225338796092,True,18141839830376019,
2025-04-01 10:35:26,4948872415712,【新品】SONY ソニー プレイステーション5 DualSense Edge ワイヤレスコントローラー CFI-ZCP1J,35000,-9.043659043659044,True,17900843160054519,
2025-04-01 10:35:40,4974019187143,【土日祝発送】【新品】シャープ SHARP 調理鍋 ヘルシオ ホットクック KN-HW24G-W ホワイト,49489,-23.12388349514563,True,17913042918095731,
2025-04-01 10:35:53,4981254066577,【新品】BUFFALO バッファロー 無線ルーター AirStation WXR-11000XE12/D チタニウムグレー,36034,-28.366101425362306,True,18031285715639450,
2025-04-01 10:36:06,6941565965073,DJI OSMO ACTION 4 スタンダードコンボ JAN 6941565965073,35970,-12.672978878368536,True,18064824037798836,
2025-04-01 10:36:20,7622100834540,【送料無料・在庫あり】IQOS イルマ i プライム 限定モデル【ガーネットレッド】【製品登録不可商品】IQOS ILUMA（アイコス イルマ）専用たばこ TEREA（テリア） IQOS ILUMA i PRIME,11108,-10.957915831663327,True,17979306911687218,
2025-04-01 14:31:09,4549995514926,【新品】Apple Watch SE 第2世代 GPSモデル 44mmミッドナイトアルミニウムケースとミッドナイトスポーツバンド M/L MXEK3J/A,35869,-6.3203531040246546,True,18059290631102865,
2025-04-01 14:31:25,4942857242843,【最大2000円クーポンGET】「新品 未使用品」 SIMフリー Galaxy A25 5G SC-53F [4GB+64GB][Docomo版simフリー][サムスン],17840,-6.591968165872558,True,18036992618272443,
2025-04-01 14:31:38,4948872416641,PULSE Explore ワイヤレスイヤホン ミッドナイト ブラック,25040,-5.0003793914561045,True,18082094437642363,
2025-04-01 16:25:01,4549046145086,セイモバイル★Softbank版 SIMフリー motorola edge 50s Pro バニラクリーム A402MO 新品未使用品,37800,-5.025125628140704,True,17944143845977591,
2025-04-01 16:25:17,4549292081121,Canon キヤノン コンパクトデジタルカメラ PowerShot G9 X Mark II シルバー 1.0型センサー/F2.0レンズ/光学3倍ズーム PSG9XMARKIIS #11531,70800,-49.94025355120165,True,17923212801052058,
2025-04-01 16:25:30,4549576168319,マイクロソフト Surface Pro 7+ /Windows 11 Home 搭載 / 12.3インチ / 第 11 世代 Intel Core i5 / 8GB/128GB / プラチナ TFN-00012,178342,-9.458197104156936,True,17979815585683975,
2025-04-01 19:42:52,4549077457974,パナソニック デジタルカメラ ルミックス FZ300 光学24倍 ブラック DMC-FZ300-K,152480,-12.070168559087948,True,17962720169905545,
2025-04-01 19:43:05,4589796418627,NEC PC-N1670HAW LAVIE N16 N1670/HAW パールホワイト/Core i7 1225U/16GB/SSD256GB/DVDスーパーマルチドライブ/Win11Home/Office H&amp;B 2021/16型/IPS/WUXGA,210001,-6.3707699852869055,True,18102388156506500,
2025-04-01 19:43:17,4948872017169,【即日発送】【数量限定特典付き】 PlayStation 5 “モンスターハンターワイルズ” 同梱版,94000,-24.497991967871485,True,18004504883743517,
2025-04-01 22:21:54,4549077457974,パナソニック デジタルカメラ ルミックス FZ300 光学24倍 ブラック DMC-FZ300-K,152480,-12.070168559087948,True,18095712253536844,
2025-04-01 22:22:15,4589796418627,NEC PC-N1670HAW LAVIE N16 N1670/HAW パールホワイト/Core i7 1225U/16GB/SSD256GB/DVDスーパーマルチドライブ/Win11Home/Office H&amp;B 2021/16型/IPS/WUXGA,210001,-6.3707699852869055,True,18049802000047573,
2025-04-01 22:22:36,4948872017169,【即日発送】【数量限定特典付き】 PlayStation 5 “モンスターハンターワイルズ” 同梱版,94000,-24.497991967871485,True,17857660677393164,
2025-04-02 03:55:25,4540790335136,超音波 アイロン トリートメント ヘアアイロン 【ヤーマン公式】《シャインプロ HC21》 グレージュ ｜ヘアケア 浸透 LED 温熱 防水仕様 お風呂 コードレス ヘアカラー インバス アウトバス プレゼント ギフト 女性,13750,-31.45221596290942,True,18059990999095145,
2025-04-02 03:55:46,4549980487457,パナソニック おうちクラウドディーガ DMR-2W201 JAN 4549980487457,43780,-35.509530683793415,True,18043396334141241,
2025-04-02 03:56:06,4549995514964,Apple Watch SE 第2世代 GPSモデル 44mm MXET3J/A [シルバー・ブルークラウドスポーツループ]/Apple,38660,-7.882195958825772,True,17918282628076485,
2025-04-02 03:56:26,4549995551457,アップル Apple MacBook Air MC8H4J/A 13型 13.6インチ M3チップ SSD 256GB メモリ16GB 8コア シルバー MC8H4JA Liquid Retina ディスプレイ 新品 未開封 1年保証,159980,-14.904255319148938,True,17879768634274177,
2025-04-02 03:56:46,4582239436813,【新品・在庫あり・送料無料】Motorola edge 50 pro [ブラックビューティ]｜SIMフリー｜白ロム ｜softbank｜AU｜docomo｜国内どのキャリアでも使用可能※メーカー保証対象外※,54799,-24.39327253411333,True,18338009188085946,
2025-04-02 03:57:06,4589857090755,【新品未開封】PS5 ソフト スチールライジング※レターパック全国送料無料　4589857090755【即日発送、土、祝日発送 】,4124,-47.92929292929293,True,18087752983609607,
2025-04-02 03:57:25,4710483941733,ASROCK　グラフィックボード Radeon RX 7900 XTX Phantom Gaming 24G OC(RX7900XTX PG 24GO) ［Radeon RXシリーズ /24GB］　RX7900XTXPG24GO,177990,-10.906105777412927,True,18146960863372254,
2025-04-02 03:57:44,4902370551013,【あす楽】【新品】Nintendo Switch Sports セット【送料無料※沖縄を除く】【即日発送、土、祝日発送】4902370551013【不正利用防止のため、配達時転送不可】,38665,-5.6490971205466085,True,17850471186429075,
2025-04-02 03:58:04,4948872415187,DualSense ワイヤレスコントローラー コズミック レッド,9980,-9.02461257976299,True,18090759322601778,
2025-04-02 03:58:24,4948872415279,DualSense ワイヤレスコントローラー ギャラクティック パープル,9980,-9.016318716382532,True,18112673956462977,
2025-04-02 03:58:45,4948872415286,DualSense ワイヤレスコントローラー スターライト ブルー,9980,-7.592592592592593,True,18128717911420547,
2025-04-02 03:59:04,4948872415293,DualSense ワイヤレスコントローラー ノヴァ ピンク,9980,-9.02461257976299,True,18042244484172372,
2025-04-02 03:59:23,4948872415668,DualSense ワイヤレスコントローラー ヴォルカニック レッド,10480,-9.027777777777777,True,17900497365119952,
2025-04-02 03:59:42,7622100834465,【送料無料・在庫あり】IQOS イルマ i プライム 【ブリーズブルー】【製品登録不可商品】IQOS ILUMA（アイコス イルマ）専用たばこ TEREA（テリア） IQOS ILUMA i PRIME,9760,-18.530884808013358,True,18061246550476524,
2025-04-02 07:37:50,4512223695193,[訳アリ] shokz 完全ワイヤレスイヤホン OpenFit ベージュopenfit-skz-ep-000021 [難あり(D)],12700,-48.954983922829584,True,18075451789761420,
2025-04-02 07:38:04,4547410555844,【新品】FUJIFILM 富士フィルム instax mini Evo チェキ USB-C ピンク 撮影 印刷 ハイブリッドカメラ,50000,-6.5420560747663545,True,18056517416153408,
2025-04-02 07:38:17,4549980712627,パナソニック 2TB 3チューナー ブルーレイレコーダー 4Kチューナー内蔵ディーガ DMR-4TS203,60980,-33.2092004381161,True,18029806829350266,
2025-04-02 07:38:31,4549980762950,CN-F1D9C1D パナソニック Panasonic ストラーダ カーナビ 9インチ,126300,-30.665349143610015,True,18061141978841682,
2025-04-02 07:38:43,4549995560145,【未使用】Apple iPad (第11世代/A16) Wi-Fiモデル 256GB ピンク MD4P4J/A【浜松駅前】保証期間6ヶ月,74980,-13.310903772559628,True,18062722639835869,
2025-04-02 07:38:55,4550556103596,新品　 シャープ(SHARP) AQUOS wish 3 SH-M25 B ブラック 5.7型 4GB/64GB SIMフリー4550556103596,20900,-12.916666666666668,True,18095824111556112,
2025-04-02 07:39:08,4573535231998,ダイキン【DAIKIN】適用〜31畳 加湿ストリーマ空気清浄機 ブラウン タワー型ハイグレードモデル 2023年モデル ACK70Z-T★【加湿空気清浄機】,46800,-6.024096385542169,True,18067184500940781,
2025-04-02 07:39:21,4582239433157,モトローラ　SIMフリースマートフォン razr 50 MediaTek Dimensity 7300X 6.9インチ メモリ/ストレージ：12GB/512GB コアラグレイ　PB230000JP,116800,-5.3024160856169935,True,17902569669115387,
2025-04-02 07:39:33,4582239433447,モトローラ　SIMフリースマートフォン razr 50 MediaTek Dimensity 7300X 6.9インチ メモリ/ストレージ：12GB/512GB スプリッツオレンジ　PB230002JP,116800,-5.3024160856169935,True,18075232225759887,
2025-04-02 07:39:45,4582239436509,【新品】Motorola モトローラ moto g52j 5G II 8GB/128GB インクブラック,36500,-14.669783752191702,True,18062360578830600,
2025-04-02 07:39:56,4948872017084,【未使用】PlayStation Portal リモートプレーヤー(CFIJ-18000) ”PS5”【広田店】,31601,-9.659805603201828,True,18064132553499472,
2025-04-02 07:40:09,4974305227799,象印 スチーム式加湿器 EE-DE50-HA EE-DE50-WA グレー ホワイト 4.0L ZOJIRUSHI フィルター不要 加湿器 スチーム式 4L お手入れ簡単 清潔,35800,-10.455227613806903,True,17940959759992212,
2025-04-02 10:32:55,4549046135643,【送料無料・在庫あり】AQUOS wish2 A204SH [アイボリー] ワイモバイル SIMロック解除済 白ロム,14500,-14.14530167564687,True,18043759787596066,
2025-04-02 10:33:15,4549576161617,【送料無料・在庫あり】Microsoft Xbox Series X [ゲーム機本体] マイクロソフト RRT-00015,78976,-10.862302483069977,True,17980465349683889,
2025-04-02 10:33:35,4549995453089,【未使用】Apple iPad Air 13インチ （第1世代/M2/2024） Wi-Fiモデル 512GB パープル MV2N3J/A【福岡筑紫】保証期間6ヶ月,160980,-17.050121348592512,True,18023017034475409,
2025-04-02 10:33:56,4549995501124,Apple Watch Series10 GPS 46mm MWWN3J/A [SL/BUクラウドスポーツループ]【お取り寄せ商品（3週間から4週間程度での入荷、発送）】,65912,-13.754841411075056,True,18024782489444290,
2025-04-02 10:34:18,4549995514957,【未使用】Apple Apple Watch SE2 44mm GPS シルバーアルミニウムケース/デニムスポーツバンド (M/L) MXER3J/A【三宮駅前】保証期間3ヶ月,35980,-9.278870398386283,True,17935316858891766,
2025-04-02 10:34:38,4549995551426,【訳あり】【アウトレット 化粧箱破損品】★☆アップル / APPLE MacBook Air Liquid Retinaディスプレイ 13.6 MC7X4J/A [ミッドナイト],142710,-8.956937799043061,True,18059425289484694,
2025-04-02 10:35:01,4580652111409,東芝 DBR-M3010 REGZAタイムシフトマシン [ブルーレイレコーダー(3TB・3番組同時録画)] 新生活,85580,-12.108452295368183,True,18084056755621596,
2025-04-02 10:35:21,4902370546941,【新品】Nintendo Switch ピクミン3 デラックス/Switch/HACPAMPNA/A 全年齢対象 ※レターパック全国送料無料　任天堂【即日発送、土、祝日発送 】4902370546941,5445,-10.414610069101677,True,18086847745611099,
2025-04-02 10:35:41,4987176180292,ブラウン　BRAUN　電気シェーバー シリーズ5 (キワゾリトリマー/防水設計/充電式/コードレス/ディープキャッチ網刃) ［3枚刃 /AC100V-240V］ ブルー　52-A1200S,7474,-6.282131661442006,True,18032720234320398,
2025-04-02 10:36:03,4988601011310,【在庫あり・送料無料】クライシス コア -ファイナルファンタジーVII- リユニオン PS5版 ソフト【ポスト投函】,4827,-11.349862258953168,True,17961489896871992,
2025-04-02 10:36:24,6941812789056,【新品・在庫あり・送料無料】 Xiaomi シャオミ 14T Pro 12G+256G SIMフリー [チタンブラック] ※開封品届く場合もございます。,88699,-8.557731958762886,True,17998994918769303,
2025-04-02 14:20:33,4540790332333,【土日祝発送】【新品】YA-MAN ヤーマン 美顔器 ミーゼ スカルプリフト アクティブ プラス MS-82G,40319,-11.967248908296943,True,17905950981130004,
2025-04-02 14:20:47,4549980712849,【新品 箱不良】Panasonic パナソニック メンズシェーバー ラムダッシュ 5枚刃 ES-LV7W-K 黒,30000,-18.59329208726799,True,18095786590553583,
2025-04-02 14:21:00,4549980712856,【新品 箱不良】Panasonic パナソニック メンズシェーバー ラムダッシュPRO 5枚刃 ES-LV7J-S シルバー,23000,-25.952158655548757,True,18274882201253848,
2025-04-02 14:21:13,4549980712870,【新品 箱不良】Panasonic パナソニック メンズシェーバー ラムダッシュPRO 5枚刃 ES-LV5J-S,19000,-22.603772047741252,True,18039411173570886,
2025-04-02 14:21:25,4549995452105,【未使用】Apple iPad Pro 13インチ（第1世代/M4/2024） Wi-Fiモデル 512GB スペースブラック 標準ガラス MVX43J/A【高崎モントレー】保証期間6ヶ月,217980,-34.3688747444517,True,18100815613516880,
2025-04-02 14:21:39,4549995501032,【未使用】Apple Apple Watch Series10 42mm GPS シルバーアルミニウムケース/ブルークラウドスポーツループ MWWD3J/A【ECセンター】保証期間3ヶ月,50980,-7.275372862859221,True,17859120684332674,
2025-04-02 14:21:53,4549995501148,【新品】Apple Watch Series 10 GPSモデル 46mm MWWQ3J/A ジェットブラック ブラックスポーツバンド M/L,57288,-5.931034482758621,True,18060207062105354,
2025-04-02 14:22:04,4549995514834,【未使用】Apple Apple Watch SE2 40mm GPS ミッドナイトアルミニウムケース/ミッドナイトスポーツバンド (M/L) MXE93J/A【ECセンター】保証期間3ヶ月,29980,-9.096422073984233,True,18063304330949774,
2025-04-02 14:22:18,4571591327402,Lenovo Legion Go ゲーミングPC 着脱式コントローラー 8.8インチ WQXGA IPS液晶 Ryzen Z1 Extreme プロセッサー メモリ16GB SSD512GB 144Hz 専用ケース付 シャドーブラック,142363,-7.392927768526228,True,18050820548021483,
2025-04-02 14:22:31,4987176165794,9577cc(マットシルバー) シリーズ9 Pro+ 電気シェーバー 充電式 4枚刃 充電ケース付,64020,-15.475105953182556,True,18126440545424834,
2025-04-02 14:22:44,4988371024176,【訳あり品】デロンギ ECAM22112B ブラック 全自動コーヒーメーカー マグニフィカS ミルク泡立て 手動 DeLonghi[ラッピング不可] R-LOGI,60110,-13.882521489971348,True,18060894244855191,
2025-04-02 14:22:57,6941487230075,"HUAWEI MatePad 11 タブレット 2021年モデル Wi-Fi6 ディスプレイ解像度(2,560 1,600) Harman Kardonチューニング クアッドスピーカー RAM6GB/ROM128GB アイルブルー 日本正規代理店品",45445,-8.156666195105192,True,17902507797166884,
2025-04-02 16:33:02,4960759904485,「新品・保証書印字あり」Nikon(ニコン) Z 5 ボディ,146700,-6.137830868944866,True,18052675706191217,
2025-04-02 19:43:32,4548736012547,SONY デジタルカメラ DSC-WX500 光学30倍ズーム 1820万画素 ブラック Cyber-shot DSC-WX500 BC,71560,-6.060884518949289,True,18052258271236737,
2025-04-02 22:21:59,4549576195797,マイクロソフト Surface Pro 9 / Office HB 2021 搭載 / 13インチ /第12世代 Intel Core-i5 /8GB/256GB / プラチナ QEZ-00011,261324,-8.085160264639777,True,17902529277141999,
2025-04-02 22:22:21,4549980601761,パナソニック 温水洗浄便座 ビューティ トワレ CH941SPF パステルアイボリー 貯湯式タイプ 脱臭無,31555,-6.156133828996283,True,18063309412993462,
2025-04-02 22:22:40,4589794580142,【在庫あり・送料無料】Godfall Ascended Edition/PS5【ポスト投函】,13197,-8.910822749861955,True,18081689530646295,
2025-04-02 22:23:01,4942857221008,サムスン SAMSUNG Galaxy A22 5G SC-56B ホワイト docomo SIMロック解除済,26560,-8.287292817679557,True,17976034421830540,
2025-04-03 03:54:14,4547410469172,X-H2S-BODY 富士フイルム FUJIFILM デジタル一眼カメラ ミラーレスデジタルカメラ,311659,-17.00159786950732,True,18076306315752670,
2025-04-03 03:54:29,4549292189711,【未使用】Canon EOS R10 ボディ【吉祥寺】保証期間3ヶ月,117980,-15.728571428571428,True,17985088541801347,
2025-04-03 03:54:45,4549576218304,ノートパソコン Microsoft / マイクロソフト Surface Laptop Go 3 XK1-00063 [アイスブルー] 【キャンセル不可・北海道沖縄離島配送不可】 0057-4549576218304-ds 4549576218304-ds,137130,-29.64806074286887,True,18026077562654703,
2025-04-03 03:54:59,4981254070444,BUFFALO　Wi-Fiルーター AirStation(エアステーション) Wi-Fi 6(11ax)対応 2401＋573Mbps ［］ ［Wi-Fi 6(ax) /IPv6対応］ ブラック　WSR-3000AX4P-BK,8980,-9.73059911540008,True,18055182995139659,
2025-04-03 03:55:13,6941812730317,Xiaomi Pad 6 シャンパンゴールド 8+128GB タブレット VHU4358JP,65896,-5.3707852260325115,True,18402003925096406,
2025-04-03 03:55:27,7622100834380,【送料無料・在庫あり】IQOS イルマ i プライム 【ミッドナイトブラック】【製品登録不可商品】IQOS ILUMA（アイコス イルマ）専用たばこ TEREA（テリア） IQOS ILUMA i PRIME,10148,-5.862708719851577,True,18035905463537842,
2025-04-03 03:55:43,7622100834663,【送料無料・在庫あり】IQOS イルマ i ワン 【ブリーズブルー】【製品登録不可商品】IQOS ILUMA（アイコス イルマ）専用たばこ TEREA（テリア） IQOS ILUMA i ONE,3434,-13.063291139240507,True,18005914220744585,
2025-04-03 07:43:22,4540790332135,【国内正規流通品/メーカー保証】ヤーマン ミーゼ スカルプリフト プラス MS-82W【宅配便送料無料】 (6049411),26000,-6.474820143884892,True,18153403672364339,
2025-04-03 07:43:37,4549046132352,スプリングSALE　OPPO A55s 5G　Softbank版SIMフリー,16500,-5.714285714285714,True,17915404464086831,
2025-04-03 07:43:50,4549576200071,【ポイント10倍】 マイクロソフト タブレットPC Surface Pro 9 QEZ-00062 [フォレスト] [画面サイズ：13インチ 画面解像度：2880x1920 詳細OS種類：Windows 11 Home ネットワーク接続タイプ：Wi-Fiモデル ストレージ容量：256GB メモリ容量：8GB CPU：Core i5 1235U],267080,-5.0449745795854515,True,18064356763825331,
2025-04-03 07:44:07,4549995501438,Apple Watch Series10 セルラー 46mm MWY43J/A JB・Bスポーツバンド M/L【お取り寄せ ※1ヶ月から2ヶ月見込み】,80719,-5.82751942506475,True,17921914434059229,
2025-04-03 07:44:22,4549995501469,Apple Watch Series10 セルラー 46mm MWY73J/A RGD・LBスポーツバンド M/L【お取り寄せ ※1ヶ月から2ヶ月見込み】,80719,-5.82751942506475,True,18045083426111373,
2025-04-03 07:44:37,4549995501520,Apple Watch Series10 セルラー 46mm MWYE3J/A Sチタニウム・Bスポーツバンド M/L【お取り寄せ ※1ヶ月から2ヶ月見込み】,116683,-6.410266693402847,True,17876535009296892,
2025-04-03 07:44:52,4549995556414,【未使用】Apple iPad Air 13インチ (第2世代/M3/2025) Wi-Fiモデル 512GB スターライト MCNX4J/A【なんば】保証期間6ヶ月,181980,-11.913762809001273,True,18349765681197799,
2025-04-03 07:45:06,4550556144353,【新品・送料無料・在庫あり】AQUOS sense9 SH-M29 8G+256G SIMフリー [コーラル]* docomo｜AU ｜softbank｜楽天｜格安SIMも使用可能,58117,-6.367107573829125,True,18101373658520139,
2025-04-03 07:45:20,4942857239126,【在庫あり・送料無料】arrows We2 F-52E docomo [ネイビーグリーン]　SIMフリー　白ロム,12827,-22.24646905497969,True,17867955006259755,
2025-04-03 10:30:58,3045386382118,ティファール 電気ケトル 0.8L 軽くてコンパクト 「アプレシア プラス カフェオレ」 KO630AJP,8464,-8.338748104829977,True,18080361598709519,
2025-04-03 10:31:13,4549980797297,Technics テクニクス ノイズキャンセリング搭載完全ワイヤレスBluetoothイヤホン EAH-AZ100-S [シルバー][ラッピング可] R-LOGI,35713,-10.6348372244326,True,18054835949471140,
2025-04-03 10:31:25,4549995501452,Apple Watch Series10 セルラー 46mm MWY63J/A RGD・LBスポーツバンド S/M【お取り寄せ ※1ヶ月から2ヶ月見込み】,80719,-5.82751942506475,True,18036297083553500,
2025-04-03 10:31:39,4549995501476,Apple Watch Series10 セルラー 46mm MWY83J/A RG・プラムスポーツループ【お取り寄せ ※1ヶ月から2ヶ月見込み】,80719,-5.82751942506475,True,18001711853749364,
2025-04-03 10:31:51,4589796418962,【新品】NEC エヌイーシー Androidタブレット LAVIE Tab T11 PC-T1155HAS ルナグレー,36500,-7.4285424433792375,True,18021476342680550,
2025-04-03 10:32:03,4987176165695,ブラウン シリーズ9 PRO+ 9555cc シェーバー本体 5 in 1 洗浄機付きモデル 電気シェーバー メンズ 防水設計 5+1 カットシステム 進化したキワぞり刃 極限0.05mm カット あご下まで夕方ヒゲ、ゼロへ 電動シェーバー 2023年秋モデル,60571,-23.08737444922733,True,18120275731398718,
2025-04-03 10:32:17,5025155038093,【訳あり】ダイソン HS01COMPFN Dyson Airwrap(TM) Complete スタイラー ニッケル／フューシャ [ラッピング可] R-LOGI,48764,-8.630316657298108,True,18059296826030367,
2025-04-03 10:32:31,5025155041970,ヒーター・ストーブ dyson / ダイソン Dyson Pure Hot + Cool HP00ISN [アイアン/シルバー] 【キャンセル不可・北海道沖縄離島配送不可】 0057-5025155041970-ds 5025155041970-ds,40880,-5.523457360758031,True,17963622926899747,
2025-04-03 10:32:42,6941812730027,【新品】Xiaomi Pad 6 8GB RAM 128GB ROM VHU4329JP MIST BLUE,52000,-12.13247718823927,True,18091589860503801,
2025-04-03 14:26:20,4548736133402,【新品 箱不良・シュリンク破れ品】SONY ソニー ゲーミングヘッドセット INZONE H7 WH-G700,42000,-6.467129877071084,True,18081193831630204,
2025-04-03 14:26:32,4549046144218,【新品 箱不良・シュリンク破れ品】Xiaomi Redmi 12 5G SoftBank ミッドナイトブラック SIMフリー,12500,-5.653256849573553,True,18086323051614479,
2025-04-03 14:26:47,4549576212807,ノートパソコン Microsoft / マイクロソフト Surface Laptop Go 3 XKQ-00005 [プラチナ] 【キャンセル不可・北海道沖縄離島配送不可】 0057-4549576212807-ds 4549576212807-ds,168130,-29.074035013710187,True,18079526824735079,
2025-04-03 14:26:59,4549980657249,【土日祝発送】【新品】Panasonic パナソニック カーナビ ストラーダ CN-HE02WD,79789,-18.035666591334003,True,17923383546054730,
2025-04-03 14:27:11,4549995451269,【新品】Apple iPad Pro 11インチ Wi-Fiモデル 7世代 1TB（標準ガラス搭載）MVVF3J/A シルバー,224869,-36.85743087476729,True,17939573204869163,
2025-04-03 14:27:22,4549995452112,【新品】Apple iPad Pro 13インチ Wi-Fiモデル 7世代 512GB（標準ガラス搭載）MVX53J/A シルバー,211969,-36.153915662650604,True,18072283282886479,
2025-04-03 14:27:37,4549995501131,【未使用】Apple Apple Watch Series10 46mm GPS ジェットブラックアルミニウムケース/ブラックスポーツバンド (S/M) MWWP3J/A【ECセンター】保証期間3ヶ月,54980,-12.171120944424032,True,18037778012254330,
2025-04-03 14:27:50,4549995501414,Apple Watch Series10 セルラー 46mm MWY23J/A SL・BUクラウドスポーツループ【お取り寄せ ※1ヶ月から2ヶ月見込み】,80719,-5.82751942506475,True,18064282147976891,
2025-04-03 14:28:03,4549995501490,Apple Watch Series10 セルラー 46mm MWYA3J/A Nチタニウム・SGスポーツバンド M/L【お取り寄せ ※1ヶ月から2ヶ月見込み】,116683,-6.410266693402847,True,18064097711055095,
2025-04-03 14:28:15,4549995501551,Apple Watch Series10 セルラー 46mm MWYY3J/A GDTi/スターライトSバンド M/L【お取り寄せ ※1ヶ月から2ヶ月見込み】,116683,-6.410266693402847,True,18075362014795128,
2025-04-03 14:28:28,4942857242850,【在庫あり・送料無料】Galaxy A25 5G SC-53F 4G+64G [ブラック] ／ docomo版／白ロム ／SIMフリー,16279,-8.282156741224858,True,18047862572077418,
2025-04-03 14:28:41,4967576694650,【新品】IRIS OHYAMA アイリスオーヤマ 掃除機 MagiCaleena SBD-201P-HC,18689,-10.578947368421053,True,18283114801247907,
2025-04-03 14:28:52,4968929077946,【送料無料・在庫あり】 JBL GO 3 [レッド] JBLGO3RED Bluetooth スピーカー,5189,-31.615709014233,True,18040478327531044,
2025-04-03 14:29:04,5025155073339,【新品 箱不良・シュリンク破れ品】Dyson ダイソン ヘアアイロン Corrale HS07 NF ブラックニッケル/フューシャ,27600,-36.986301369863014,True,18032136545640865,
2025-04-03 14:29:18,6941812775615,【土日、祝日発送、店舗受取可】訳あり 新品未開封品【Nランク】Xiaomi Redmi Note 13 Pro+ 5G 12GB RAM 512GB ROM ムーンライトホワイト 24040RA98R【国内版SIMフリー】本体 送料無料 シャオミ 6941812775615【楽天モバイル対応】※外箱痛み品,52500,-5.174749390409103,True,18466661866069624,
2025-04-03 16:28:33,4547410173789,富士フイルム(FUJIFILM) インスタントカメラ ワイド用フィルム 50枚入 INSTAX WIDE K R 5,9270,-7.002407704654896,True,18037143026626411,
2025-04-03 19:42:05,4210201443353,ブラウン メンズ 電気シェーバー シリーズ9 9455cc-V 洗浄機付き 5カットシステム 音波振動テクノロジー 夕方ヒゲ、ゼロへ 電動シェーバー 最新2022年秋モデル /最大5年メーカー保証,37614,-35.960909833832744,True,18090281131582534,
2025-04-03 19:42:27,4549576179049,マイクロソフト Surface Go 3 / Office H&B 2021 搭載 / 10.5インチ / Intel Pentium Gold 6500Y /8GB/128GB / プラチナ 8VA-00015,119450,-5.0839107494755575,True,18073319044678142,
2025-04-03 19:42:52,4549980783450,パナソニック 掃除機 紙パック式 MC-PJ230G-W ホワイト 軽量 コンパクト ハイパワー クリーンセンサー 親子ノズル搭載,32875,-9.869773817683344,True,18068123278910263,
2025-04-03 19:43:14,4549995501544,Apple Watch Series10セルラー46mm MWYX3J/A GDチタニウム・STスポーツバンド S/M【お取り寄せ ※1ヶ月から2ヶ月見込み】,116683,-6.410266693402847,True,18397534693100973,
2025-04-03 19:43:36,4902370547627,Nintendo Switch Proコントローラー モンスターハンターライズエディション,16770,-20.933521923620933,True,17906051454106693,
